<?xml version="1.0" encoding="UTF-8"?>
<kcfg xmlns="http://www.kde.org/standards/kcfg/1.0"
      xmlns:xsi="http://www.w3.org/2001/XMLSchema-instance"
      xsi:schemaLocation="http://www.kde.org/standards/kcfg/1.0
      http://www.kde.org/standards/kcfg/1.0/kcfg.xsd" >
  <kcfgfile name=""/>

  <group name="Effect">

    <entry name="visualEffect" type="String">
      <default></default>
    </entry>

    <entry name="randomVisualEffect" type="Bool">
      <default>false</default>
    </entry>

    <entry name="effectArgValues" type="StringList">
      <default></default>
    </entry>
    <!--This is a workaround to active "Apply" button for modifications of effectArgValues -->
    <entry name="effectArgTrigger" type="Bool"></entry>

  </group>
  <group name="Backend">

    <entry name="reduceBass" type="Bool">
      <default>true</default>
    </entry>
    <entry name="debugBackend" type="Bool">
      <default>false</default>
    </entry>
    <entry name="bassResolutionLevel" type="Int">
      <default>4</default>
    </entry>
    <entry name="deviceIndex" type="Int">
      <default>-1</default>
    </entry>
    <entry name="pulseaudioDevice" type="String">
      <default>default</default>
    </entry>
    <!--
    <entry name="backend" type="String">
      <default>pyaudio</default>
    </entry>
    -->
    <entry name="backendIndex" type="Int">
      <default>0</default>
    </entry>
    <entry name="fifoPath" type="String">
      <default>/tmp/mpd.fifo</default>
    </entry>

    <entry name="glDFT" type="Bool">
      <default>false</default>
    </entry>

  </group>
  <group name="General">

    <entry name="fps" type="Int">
      <default>30</default>
    </entry>
    <entry name="showFps" type="Bool">
      <default>false</default>
    </entry>
    <entry name="autoHide" type="Bool">
      <default>false</default>
    </entry>
    <entry name="animateAutoHiding" type="Bool">
      <default>true</default>
    </entry>
    <entry name="autoExtend" type="Bool">
      <default>true</default>
    </entry>
    <entry name="preferredWidth" type="Int">
      <default>700</default>
    </entry>
    <entry name="gravity" type="Int">
      <default>1</default>
    </entry>
    <entry name="inversion" type="Bool">
      <default>false</default>
    </entry>

    <entry name="hideTooltip" type="Bool">
      <default>true</default>
    </entry>


  </group>
  <group name="Colors">

    <entry name="colorSpaceHSL" type="Bool">
      <default>true</default>
    </entry>
    <entry name="colorSpaceHSLuv" type="Bool">
      <default>false</default>
    </entry>

    <entry name="hslHueFrom" type="Int">
        <default>180</default>        
    </entry>
    <entry name="hslHueTo" type="Int">
        <default>720</default>    
    </entry>
    <entry name="hsluvHueFrom" type="Int">
        <default>270</default>    
    </entry>
    <entry name="hsluvHueTo" type="Int">
        <default>-270</default>    
    </entry>
    <entry name="hslSaturation" type="Int">
        <default>60</default>    
    </entry>
    <entry name="hslLightness" type="Int">
        <default>100</default>    
    </entry>
    <entry name="hsluvSaturation" type="Int">
        <default>100</default>    
    </entry>
    <entry name="hsluvLightness" type="Int">
        <default>50</default>    
    </entry>

  </group>

</kcfg>
