<?xml version="1.0" encoding="UTF-8"?>
<kcfg xmlns="http://www.kde.org/standards/kcfg/1.0"
      xmlns:xsi="http://www.w3.org/2001/XMLSchema-instance"
      xsi:schemaLocation="http://www.kde.org/standards/kcfg/1.0
      http://www.kde.org/standards/kcfg/1.0/kcfg.xsd" >
  <kcfgfile name=""/>

  <group name="General">
    <entry name="icon" type="String">
      <label>The name of the icon to use for the compact representation (e.g. on a small panel).</label>
      <default>start-here-kde</default>
    </entry>
    <entry name="useCustomButtonImage" type="Bool">
      <label>Whether to use a custom image instead of an icon in the compact representation (e.g. on a small panel).</label>
      <default>false</default>
    </entry>
    <entry name="customButtonImage" type="Url">
      <label>The URL of the custtom image to use instead of an icon in the compact representation (e.g. on a small panel).</label>
      <default></default>
    </entry>
    <entry name="activationIndicator" type="Bool">
      <label>Shows an indicator underneath the launcher's icon when the launcher is opened.</label>
      <default>true</default>
    </entry>
    <entry name="indicatorColor" type="Color">
      <label>Color of the indicator.</label>
      <default>#2164C9</default>
    </entry>
    <entry name="enableGreeting" type="Bool">
      <label>Enable the greeting.</label>
      <default>true</default>
    </entry>
    <entry name="defaultPage" type="Int">
      <label>Default Page</label>
      <default>0</default>
    </entry>
    <entry name="theming" type="Int">
      <label>Theming</label>
      <default>0</default>
    </entry>
    <entry name="customGreeting" type="String">
      <label>Custom greeting Text</label>
      <default></default>
    </entry>
    <entry name="launcherPosition" type="Int">
      <label>Where is the launcher supposed to open? 1: Auto (Bottom or Top panel) 2: Bottom or top center 3: Screen center</label>
      <default>0</default>
    </entry>
    <entry name="offsetX" type="Int">
      <label>Offset when floating 0 = 0.25 * Panel height</label>
      <default>0</default>
    </entry>
    <entry name="offsetY" type="Int">
      <label>Offset when floating 0 = 0.25 * Panel height</label>
      <default>0</default>
    </entry>
    <entry name="floating" type="Bool">
      <label>Gives the launcher some breathing room.</label>
      <default>false</default>
    </entry>
    <entry name="useExtraRunners" type="Bool">
      <label>Whether to use additional KRunner plugins to produce results in the search.</label>
      <default>true</default>
    </entry>
    <entry name="extraRunners" type="StringList">
      <label>The plugin id's of additional KRunner plugins to use. Only used if useExtraRunners is true.</label>
      <default>shell,bookmarks,baloosearch,locations</default>
    </entry>
  </group>
</kcfg>
