<?xml version="1.0" encoding="UTF-8"?>
<kcfg xmlns="http://www.kde.org/standards/kcfg/1.0"
      xmlns:xsi="http://www.w3.org/2001/XMLSchema-instance"
      xsi:schemaLocation="http://www.kde.org/standards/kcfg/1.0
      http://www.kde.org/standards/kcfg/1.0/kcfg.xsd" >
  <kcfgfile name=""/>

  <group name="Appearance">
    <entry name="fixedFont" type="Bool">
      <label>Whether a fixed font size should be used instead of resizing.</label>
      <default>false</default>
    </entry>
    <entry name="fontSize" type="Int">
      <label>Font size. The system font size is used if this is not set.</label>
      <default>12</default>
    </entry>
    <entry name="boldText" type="Bool">
      <label>Sets the font to bold.</label>
      <default>true</default>
    </entry>
    <entry name="italicText" type="Bool">
      <label>Sets the font to italic.</label>
      <default>false</default>
    </entry>
    <entry name="paddingLeft" type="Int">
      <label></label>
      <default>10</default>
    </entry>
    <entry name="paddingRight" type="Int">
      <label></label>
      <default>10</default>
    </entry>
    <entry name="paddingTop" type="Int">
      <label></label>
      <default>0</default>
    </entry>
    <entry name="command" type="String">
      <label>Command to execute</label>
      <default>qdbus org.kde.kglobalaccel /component/kwin invokeShortcut Overview</default>
    </entry>
    <entry name="textLabel" type="String">
      <label>Label text</label>
      <default>⑈ Overview ❤️️</default>
    </entry>
  </group>
</kcfg>
